name,V,E,vars,naive_status,naive_nodes,naive_ms,sift_status,sift_nodes,sift_ms
counterexample-n15,15,23,38,ok,4297,40.0,ok,340,59.0
random_n15_p01_s1,15,23,38,ok,4297,34.0,ok,340,40.0
random_n15_p015_s3,15,27,42,ok,9050,34.0,ok,600,42.0
mutant_rand28_s1,28,62,90,ok,698679,205.0,ok,1762,95.0
mutant_rand28_s2,28,62,90,blowup,5404952,2518.0,ok,2682,122.0
mutant_rand28_s3,28,62,90,blowup,3641375,1819.0,ok,3049,90.0
mutant_rand28_s4,28,62,90,blowup,3847915,1838.0,ok,1370,84.0
mutant_rand28_s5,28,62,90,blowup,4305031,2347.0,ok,5073,161.0
mutant_rand28_s6,28,62,90,ok,1275822,561.0,ok,2227,89.0
mutant_rand28_s7,28,62,90,blowup,3131844,1430.0,ok,2441,95.0
mutant_rand28_s8,28,62,90,blowup,4864545,2400.0,ok,6050,139.0
random_n10_p01_s1,10,14,24,ok,478,33.0,ok,58,33.0
random_n10_p01_s2,10,12,22,ok,248,35.0,ok,45,34.0
random_n10_p01_s3,10,14,24,ok,503,34.0,ok,104,38.0
random_n10_p01_s4,10,14,24,ok,630,39.0,ok,80,41.0
random_n10_p01_s5,10,15,25,ok,419,41.0,ok,110,39.0
random_n10_p01_s6,10,13,23,ok,339,39.0,ok,103,37.0
random_n10_p01_s7,10,14,24,ok,819,38.0,ok,78,37.0
random_n10_p01_s8,10,13,23,ok,354,38.0,ok,51,34.0
random_n10_p015_s1,10,14,24,ok,428,34.0,ok,79,34.0
random_n10_p015_s2,10,12,22,ok,287,35.0,ok,41,37.0
random_n10_p015_s3,10,16,26,ok,767,35.0,ok,177,35.0
random_n10_p015_s4,10,14,24,ok,630,39.0,ok,80,39.0
random_n10_p015_s5,10,13,23,ok,303,45.0,ok,52,38.0
random_n10_p015_s6,10,15,25,ok,541,37.0,ok,147,38.0
random_n10_p015_s7,10,14,24,ok,819,37.0,ok,78,36.0
random_n10_p015_s8,10,14,24,ok,608,34.0,ok,107,39.0
random_n10_p02_s1,10,14,24,ok,380,45.0,ok,60,46.0
random_n10_p02_s2,10,13,23,ok,356,45.0,ok,76,45.0
random_n10_p02_s3,10,18,28,ok,1004,43.0,ok,270,44.0
random_n10_p02_s4,10,14,24,ok,502,49.0,ok,97,54.0
random_n10_p02_s5,10,13,23,ok,404,53.0,ok,64,60.0
random_n10_p02_s6,10,15,25,ok,459,51.0,ok,148,52.0
random_n10_p02_s7,10,14,24,ok,942,51.0,ok,89,48.0
random_n10_p02_s8,10,15,25,ok,850,44.0,ok,123,42.0
random_n12_p01_s1,12,16,28,ok,934,38.0,ok,98,40.0
random_n12_p01_s2,12,15,27,ok,421,45.0,ok,74,37.0
random_n12_p01_s3,12,19,31,ok,1720,37.0,ok,313,40.0
random_n12_p01_s4,12,17,29,ok,864,38.0,ok,131,37.0
random_n12_p01_s5,12,17,29,ok,854,35.0,ok,162,34.0
random_n12_p01_s6,12,19,31,ok,1224,34.0,ok,172,34.0
random_n12_p01_s7,12,19,31,ok,1729,34.0,ok,321,41.0
random_n12_p01_s8,12,17,29,ok,1450,35.0,ok,112,36.0
random_n12_p015_s1,12,18,30,ok,787,36.0,ok,190,37.0
random_n12_p015_s2,12,18,30,ok,895,34.0,ok,170,34.0
random_n12_p015_s3,12,22,34,ok,1935,33.0,ok,393,35.0
random_n12_p015_s4,12,17,29,ok,864,54.0,ok,131,51.0
random_n12_p015_s5,12,18,30,ok,1002,34.0,ok,101,37.0
random_n12_p015_s6,12,22,34,ok,2162,41.0,ok,295,42.0
random_n12_p015_s7,12,19,31,ok,1729,46.0,ok,321,54.0
random_n12_p015_s8,12,19,31,ok,2466,44.0,ok,260,48.0
random_n12_p02_s1,12,20,32,ok,1148,46.0,ok,204,44.0
random_n12_p02_s2,12,21,33,ok,1394,44.0,ok,184,43.0
random_n12_p02_s3,12,28,40,ok,5995,42.0,ok,693,53.0
random_n12_p02_s4,12,20,32,ok,1663,43.0,ok,278,50.0
random_n12_p02_s5,12,18,30,ok,1013,54.0,ok,139,41.0
random_n12_p02_s6,12,26,38,ok,3544,39.0,ok,454,53.0
random_n12_p02_s7,12,21,33,ok,2842,44.0,ok,420,45.0
random_n12_p02_s8,12,21,33,ok,2552,37.0,ok,489,38.0
random_n15_p01_s1,15,23,38,ok,4297,36.0,ok,340,41.0
random_n15_p01_s2,15,21,36,ok,2365,35.0,ok,223,37.0
random_n15_p01_s3,15,24,39,ok,2064,34.0,ok,431,38.0
random_n15_p01_s4,15,22,37,ok,1780,37.0,ok,176,41.0
random_n15_p01_s5,15,21,36,ok,1631,39.0,ok,397,44.0
random_n15_p01_s6,15,24,39,ok,3760,41.0,ok,403,48.0
random_n15_p01_s7,15,23,38,ok,3395,40.0,ok,468,43.0
random_n15_p01_s8,15,25,40,ok,5189,40.0,ok,473,48.0
random_n15_p015_s1,15,25,40,ok,6869,35.0,ok,358,41.0
random_n15_p015_s2,15,27,42,ok,5180,34.0,ok,600,42.0
random_n15_p015_s3,15,27,42,ok,9050,35.0,ok,600,42.0
random_n15_p015_s4,15,23,38,ok,3282,35.0,ok,250,36.0
random_n15_p015_s5,15,23,38,ok,3417,34.0,ok,300,37.0
random_n15_p015_s6,15,29,44,ok,8045,34.0,ok,642,43.0
random_n15_p015_s7,15,24,39,ok,4656,34.0,ok,430,41.0
random_n15_p015_s8,15,28,43,ok,8604,35.0,ok,402,41.0
random_n15_p02_s1,15,30,45,ok,16004,39.0,ok,522,50.0
random_n15_p02_s2,15,31,46,ok,8950,42.0,ok,872,56.0
random_n15_p02_s3,15,35,50,ok,27930,43.0,ok,1092,55.0
random_n15_p02_s4,15,28,43,ok,10292,39.0,ok,564,47.0
random_n15_p02_s5,15,25,40,ok,5477,38.0,ok,220,47.0
random_n15_p02_s6,15,33,48,ok,12752,35.0,ok,750,43.0
random_n15_p02_s7,15,27,42,ok,10119,34.0,ok,766,42.0
random_n15_p02_s8,15,33,48,ok,9606,34.0,ok,639,42.0
random_n20_p01_s1,20,34,54,ok,34142,37.0,ok,980,52.0
random_n20_p01_s2,20,33,53,ok,15684,35.0,ok,696,45.0
random_n20_p01_s3,20,38,58,ok,59551,40.0,ok,396,44.0
random_n20_p01_s4,20,31,51,ok,23707,36.0,ok,788,49.0
random_n20_p01_s5,20,32,52,ok,49539,42.0,ok,319,48.0
random_n20_p01_s6,20,31,51,ok,8667,39.0,ok,504,48.0
random_n20_p01_s7,20,36,56,ok,56757,44.0,ok,994,56.0
random_n20_p01_s8,20,38,58,ok,80365,49.0,ok,1377,69.0
random_n20_p015_s1,20,42,62,ok,145763,53.0,ok,1997,80.0
random_n20_p015_s2,20,41,61,ok,139967,52.0,ok,1762,63.0
random_n20_p015_s3,20,41,61,ok,67315,41.0,ok,648,53.0
random_n20_p015_s4,20,38,58,ok,77160,42.0,ok,1539,63.0
random_n20_p015_s5,20,33,53,ok,56950,39.0,ok,254,43.0
random_n20_p015_s6,20,38,58,ok,61194,41.0,ok,933,56.0
random_n20_p015_s7,20,39,59,ok,103636,50.0,ok,882,64.0
random_n20_p015_s8,20,43,63,ok,94242,52.0,ok,1096,61.0
random_n20_p02_s1,20,49,69,ok,455465,141.0,ok,1978,87.0
random_n20_p02_s2,20,47,67,ok,158794,57.0,ok,2019,66.0
random_n20_p02_s3,20,50,70,ok,387114,115.0,ok,1540,68.0
random_n20_p02_s4,20,48,68,ok,388128,115.0,ok,1315,70.0
random_n20_p02_s5,20,40,60,ok,85724,48.0,ok,1231,57.0
random_n20_p02_s6,20,44,64,ok,131423,55.0,ok,1431,61.0
random_n20_p02_s7,20,44,64,ok,112980,48.0,ok,2849,82.0
random_n20_p02_s8,20,49,69,ok,169531,58.0,ok,2326,75.0
random_n25_p01_s1,25,47,72,ok,421985,120.0,ok,4594,117.0
random_n25_p01_s2,25,44,69,ok,187046,59.0,ok,1228,60.0
random_n25_p01_s3,25,51,76,ok,672278,218.0,ok,1685,82.0
random_n25_p01_s4,25,43,68,ok,240224,82.0,ok,1116,63.0
random_n25_p01_s5,25,44,69,ok,303827,103.0,ok,1233,64.0
random_n25_p01_s6,25,42,67,ok,67613,41.0,ok,630,52.0
random_n25_p01_s7,25,44,69,ok,198420,63.0,ok,1476,72.0
random_n25_p01_s8,25,48,73,ok,529787,169.0,ok,1584,74.0
random_n25_p015_s1,25,58,83,blowup,2818118,1302.0,ok,3255,121.0
random_n25_p015_s2,25,56,81,ok,555728,178.0,ok,1807,78.0
random_n25_p015_s3,25,58,83,ok,2083162,928.0,ok,2429,123.0
random_n25_p015_s4,25,53,78,ok,350770,117.0,ok,4327,166.0
random_n25_p015_s5,25,46,71,ok,271194,99.0,ok,1234,67.0
random_n25_p015_s6,25,52,77,ok,682948,269.0,ok,1955,80.0
random_n25_p015_s7,25,51,76,ok,486433,163.0,ok,2983,100.0
random_n25_p015_s8,25,61,86,blowup,3267894,1428.0,ok,3487,120.0
random_n25_p02_s1,25,72,97,blowup,16471649,8865.0,ok,10002,249.0
random_n25_p02_s2,25,69,94,blowup,8847999,4713.0,ok,5239,264.0
random_n25_p02_s3,25,73,98,blowup,14515984,7790.0,ok,10956,337.0
random_n25_p02_s4,25,62,87,blowup,2744252,1241.0,ok,6859,151.0
random_n25_p02_s5,25,59,84,blowup,2896082,1219.0,ok,3663,127.0
random_n25_p02_s6,25,67,92,blowup,13169583,7755.0,ok,3494,166.0
random_n25_p02_s7,25,58,83,ok,2024783,762.0,ok,6462,177.0
random_n25_p02_s8,25,72,97,blowup,19944408,10523.0,ok,20323,555.0
# SUMMARY graphs=131 node_cap=2500000 naive_blowups=15 sift_blowups=0 peak_rss=1666MB
