name,family,V,E,vars,density,nroots,nuniq,maxcond,ipa_struct_ms,ipa_prop_ms,ipa_ops,worst_delta,naive_status,naive_nodes,naive_ms,sift_nodes,sift_ms
counterexample-n15,counterexample,15,23,38,0.2190,4,13,4,0.242,0.429,42,8.327e-17,ok,4297,40.0,340,59.0
mutant_rand28_s1,other,28,62,90,0.1640,12,76,13,2.285,31.785,1142,5.551e-17,ok,698679,205.0,1762,95.0
mutant_rand28_s2,other,28,62,90,0.1640,15,124,13,6.676,136.720,3488,5.551e-17,blowup,5404952,2518.0,2682,122.0
mutant_rand28_s3,other,28,62,90,0.1640,13,102,13,2.932,48.189,1581,1.110e-16,blowup,3641375,1819.0,3049,90.0
mutant_rand28_s4,other,28,62,90,0.1640,14,97,13,3.238,54.087,1702,5.551e-17,blowup,3847915,1838.0,1370,84.0
mutant_rand28_s5,other,28,62,90,0.1640,13,86,14,2.924,88.814,3679,5.551e-17,blowup,4305031,2347.0,5073,161.0
mutant_rand28_s6,other,28,62,90,0.1640,13,87,10,2.426,17.871,1095,5.551e-17,ok,1275822,561.0,2227,89.0
mutant_rand28_s7,other,28,62,90,0.1640,13,94,13,2.795,94.081,2114,5.551e-17,blowup,3131844,1430.0,2441,95.0
mutant_rand28_s8,other,28,62,90,0.1640,15,91,13,3.013,239.282,3089,5.551e-17,blowup,4864545,2400.0,6050,139.0
random_n10_p015_s1,random-n10,10,14,24,0.3111,3,6,3,0.062,0.102,17,5.551e-17,ok,428,34.0,79,34.0
random_n10_p015_s2,random-n10,10,12,22,0.2667,2,4,2,0.042,0.070,12,5.551e-17,ok,287,35.0,41,37.0
random_n10_p015_s3,random-n10,10,16,26,0.3556,5,13,3,0.149,0.263,42,5.551e-17,ok,767,35.0,177,35.0
random_n10_p015_s4,random-n10,10,14,24,0.3111,4,5,1,0.047,0.062,12,5.551e-17,ok,630,39.0,80,39.0
random_n10_p015_s5,random-n10,10,13,23,0.2889,4,5,2,0.044,0.059,12,2.776e-17,ok,303,45.0,52,38.0
random_n10_p015_s6,random-n10,10,15,25,0.3333,3,6,3,0.065,0.107,17,2.776e-17,ok,541,37.0,147,38.0
random_n10_p015_s7,random-n10,10,14,24,0.3111,4,7,3,0.073,0.128,20,2.776e-17,ok,819,37.0,78,36.0
random_n10_p015_s8,random-n10,10,14,24,0.3111,5,6,2,0.061,0.078,14,5.551e-17,ok,608,34.0,107,39.0
random_n10_p01_s1,random-n10,10,14,24,0.3111,4,8,2,0.099,0.145,22,2.776e-17,ok,478,33.0,58,33.0
random_n10_p01_s2,random-n10,10,12,22,0.2667,2,4,2,0.045,0.086,13,2.776e-17,ok,248,35.0,45,34.0
random_n10_p01_s3,random-n10,10,14,24,0.3111,4,10,3,0.110,0.208,33,2.776e-17,ok,503,34.0,104,38.0
random_n10_p01_s4,random-n10,10,14,24,0.3111,4,5,1,0.048,0.063,12,5.551e-17,ok,630,39.0,80,41.0
random_n10_p01_s5,random-n10,10,15,25,0.3333,4,7,2,0.065,0.094,18,5.551e-17,ok,419,41.0,110,39.0
random_n10_p01_s6,random-n10,10,13,23,0.2889,3,6,3,0.061,0.107,17,5.551e-17,ok,339,39.0,103,37.0
random_n10_p01_s7,random-n10,10,14,24,0.3111,4,7,3,0.072,0.123,20,2.776e-17,ok,819,38.0,78,37.0
random_n10_p01_s8,random-n10,10,13,23,0.2889,4,4,1,0.035,0.046,9,5.551e-17,ok,354,38.0,51,34.0
random_n10_p02_s1,random-n10,10,14,24,0.3111,3,8,3,0.082,0.148,24,5.551e-17,ok,380,45.0,60,46.0
random_n10_p02_s2,random-n10,10,13,23,0.2889,4,8,3,0.076,0.130,25,1.388e-17,ok,356,45.0,76,45.0
random_n10_p02_s3,random-n10,10,18,28,0.4000,5,15,5,0.177,0.387,59,5.551e-17,ok,1004,43.0,270,44.0
random_n10_p02_s4,random-n10,10,14,24,0.3111,3,4,2,0.043,0.059,10,2.776e-17,ok,502,49.0,97,54.0
random_n10_p02_s5,random-n10,10,13,23,0.2889,3,4,2,0.041,0.056,10,2.776e-17,ok,404,53.0,64,60.0
random_n10_p02_s6,random-n10,10,15,25,0.3333,4,9,3,0.094,0.156,26,5.551e-17,ok,459,51.0,148,52.0
random_n10_p02_s7,random-n10,10,14,24,0.3111,3,6,3,0.067,0.122,18,5.551e-17,ok,942,51.0,89,48.0
random_n10_p02_s8,random-n10,10,15,25,0.3333,3,8,4,0.084,0.177,18,5.551e-17,ok,850,44.0,123,42.0
random_n12_p015_s1,random-n12,12,18,30,0.2727,4,8,3,0.113,0.180,22,4.163e-17,ok,787,36.0,190,37.0
random_n12_p015_s2,random-n12,12,18,30,0.2727,4,9,3,0.103,0.202,32,2.082e-17,ok,895,34.0,170,34.0
random_n12_p015_s3,random-n12,12,22,34,0.3333,6,20,6,0.279,0.834,101,1.388e-17,ok,1935,33.0,393,35.0
random_n12_p015_s4,random-n12,12,17,29,0.2576,3,5,3,0.073,0.127,15,5.551e-17,ok,864,54.0,131,51.0
random_n12_p015_s5,random-n12,12,18,30,0.2727,4,9,3,8.150,0.215,25,5.551e-17,ok,1002,34.0,101,37.0
random_n12_p015_s6,random-n12,12,22,34,0.3333,5,15,5,0.196,0.414,45,5.551e-17,ok,2162,41.0,295,42.0
random_n12_p015_s7,random-n12,12,19,31,0.2879,5,14,5,0.188,0.493,59,5.551e-17,ok,1729,46.0,321,54.0
random_n12_p015_s8,random-n12,12,19,31,0.2879,5,10,4,0.146,0.278,38,2.776e-17,ok,2466,44.0,260,48.0
random_n12_p01_s1,random-n12,12,16,28,0.2424,4,7,3,0.095,0.158,19,2.776e-17,ok,934,38.0,98,40.0
random_n12_p01_s2,random-n12,12,15,27,0.2273,2,5,2,0.062,0.118,16,5.551e-17,ok,421,45.0,74,37.0
random_n12_p01_s3,random-n12,12,19,31,0.2879,6,13,3,0.172,0.302,45,1.388e-17,ok,1720,37.0,313,40.0
random_n12_p01_s4,random-n12,12,17,29,0.2576,3,5,3,0.076,0.126,15,5.551e-17,ok,864,38.0,131,37.0
random_n12_p01_s5,random-n12,12,17,29,0.2576,3,5,3,0.067,0.110,14,8.327e-17,ok,854,35.0,162,34.0
random_n12_p01_s6,random-n12,12,19,31,0.2879,4,13,4,0.159,0.427,50,2.776e-17,ok,1224,34.0,172,34.0
random_n12_p01_s7,random-n12,12,19,31,0.2879,5,14,5,0.198,0.479,59,5.551e-17,ok,1729,34.0,321,41.0
random_n12_p01_s8,random-n12,12,17,29,0.2576,4,7,3,0.100,0.164,20,2.776e-17,ok,1450,35.0,112,36.0
random_n12_p02_s1,random-n12,12,20,32,0.3030,4,9,3,0.130,0.220,26,2.776e-17,ok,1148,46.0,204,44.0
random_n12_p02_s2,random-n12,12,21,33,0.3182,4,17,5,0.211,0.462,64,5.551e-17,ok,1394,44.0,184,43.0
random_n12_p02_s3,random-n12,12,28,40,0.4242,7,23,7,0.317,1.098,130,5.551e-17,ok,5995,42.0,693,53.0
random_n12_p02_s4,random-n12,12,20,32,0.3030,5,9,4,0.128,0.242,31,5.551e-17,ok,1663,43.0,278,50.0
random_n12_p02_s5,random-n12,12,18,30,0.2727,5,12,4,0.167,0.302,37,2.776e-17,ok,1013,54.0,139,41.0
random_n12_p02_s6,random-n12,12,26,38,0.3939,5,18,7,0.274,0.856,101,5.551e-17,ok,3544,39.0,454,53.0
random_n12_p02_s7,random-n12,12,21,33,0.3182,5,21,6,0.301,0.943,128,5.551e-17,ok,2842,44.0,420,45.0
random_n12_p02_s8,random-n12,12,21,33,0.3182,5,19,5,0.283,0.944,90,2.776e-17,ok,2552,37.0,489,38.0
random_n15_p015_s1,random-n15,15,25,40,0.2381,5,19,6,0.320,0.934,82,2.776e-17,ok,6869,35.0,358,41.0
random_n15_p015_s2,random-n15,15,27,42,0.2571,6,29,7,0.493,2.176,237,5.551e-17,ok,5180,34.0,600,42.0
random_n15_p015_s3,random-n15,15,27,42,0.2571,9,33,5,0.477,1.174,153,8.327e-17,ok,9050,35.0,600,42.0
random_n15_p015_s4,random-n15,15,23,38,0.2190,5,11,4,0.193,0.394,38,5.551e-17,ok,3282,35.0,250,36.0
random_n15_p015_s5,random-n15,15,23,38,0.2190,4,10,5,0.155,0.330,36,2.776e-17,ok,3417,34.0,300,37.0
random_n15_p015_s6,random-n15,15,29,44,0.2762,7,24,6,0.385,0.851,93,5.551e-17,ok,8045,34.0,642,43.0
random_n15_p015_s7,random-n15,15,24,39,0.2286,7,25,4,0.404,1.154,117,5.551e-17,ok,4656,34.0,430,41.0
random_n15_p015_s8,random-n15,15,28,43,0.2667,7,19,6,0.323,0.847,79,8.327e-17,ok,8604,35.0,402,41.0
random_n15_p01_s1,random-n15,15,23,38,0.2190,4,13,4,0.227,0.422,42,8.327e-17,ok,4297,36.0,340,41.0
random_n15_p01_s2,random-n15,15,21,36,0.2000,4,10,3,0.170,0.289,33,5.551e-17,ok,2365,35.0,223,37.0
random_n15_p01_s3,random-n15,15,24,39,0.2286,8,27,5,0.416,0.835,96,5.551e-17,ok,2064,34.0,431,38.0
random_n15_p01_s4,random-n15,15,22,37,0.2095,6,9,3,0.141,0.217,24,5.551e-17,ok,1780,37.0,176,41.0
random_n15_p01_s5,random-n15,15,21,36,0.2000,3,7,4,0.121,0.274,23,5.551e-17,ok,1631,39.0,397,44.0
random_n15_p01_s6,random-n15,15,24,39,0.2286,5,17,6,0.266,0.598,61,1.110e-16,ok,3760,41.0,403,48.0
random_n15_p01_s7,random-n15,15,23,38,0.2190,5,15,4,0.244,0.577,49,5.551e-17,ok,3395,40.0,468,43.0
random_n15_p01_s8,random-n15,15,25,40,0.2381,6,17,5,0.263,0.597,61,5.551e-17,ok,5189,40.0,473,48.0
random_n15_p02_s1,random-n15,15,30,45,0.2857,7,30,8,0.526,2.570,243,2.776e-17,ok,16004,39.0,522,50.0
random_n15_p02_s2,random-n15,15,31,46,0.2952,6,30,7,0.632,2.417,214,5.551e-17,ok,8950,42.0,872,56.0
random_n15_p02_s3,random-n15,15,35,50,0.3333,11,43,7,4.325,2.112,245,5.551e-17,ok,27930,43.0,1092,55.0
random_n15_p02_s4,random-n15,15,28,43,0.2667,7,23,7,0.390,2.600,172,5.551e-17,ok,10292,39.0,564,47.0
random_n15_p02_s5,random-n15,15,25,40,0.2381,5,11,5,0.173,0.392,33,2.776e-17,ok,5477,38.0,220,47.0
random_n15_p02_s6,random-n15,15,33,48,0.3143,8,29,6,0.509,1.054,121,5.551e-17,ok,12752,35.0,750,43.0
random_n15_p02_s7,random-n15,15,27,42,0.2571,8,38,6,0.646,2.818,270,5.551e-17,ok,10119,34.0,766,42.0
random_n15_p02_s8,random-n15,15,33,48,0.3143,8,45,8,0.801,3.393,198,5.551e-17,ok,9606,34.0,639,42.0
random_n20_p015_s1,random-n20,20,42,62,0.2211,9,59,9,1.364,24.447,1747,8.327e-17,ok,145763,53.0,1997,80.0
random_n20_p015_s2,random-n20,20,41,61,0.2158,9,38,9,0.680,4.292,431,1.388e-17,ok,139967,52.0,1762,63.0
random_n20_p015_s3,random-n20,20,41,61,0.2158,9,33,7,0.820,2.249,182,1.110e-16,ok,67315,41.0,648,53.0
random_n20_p015_s4,random-n20,20,38,58,0.2000,10,52,9,1.258,11.784,1003,5.551e-17,ok,77160,42.0,1539,63.0
random_n20_p015_s5,random-n20,20,33,53,0.1737,6,24,6,0.556,1.346,62,5.551e-17,ok,56950,39.0,254,43.0
random_n20_p015_s6,random-n20,20,38,58,0.2000,10,28,7,0.776,1.941,124,5.551e-17,ok,61194,41.0,933,56.0
random_n20_p015_s7,random-n20,20,39,59,0.2053,11,57,8,1.400,11.441,445,1.110e-16,ok,103636,50.0,882,64.0
random_n20_p015_s8,random-n20,20,43,63,0.2263,10,49,9,1.025,6.486,551,8.327e-17,ok,94242,52.0,1096,61.0
random_n20_p01_s1,random-n20,20,34,54,0.1789,7,31,8,0.637,2.950,217,2.776e-17,ok,34142,37.0,980,52.0
random_n20_p01_s2,random-n20,20,33,53,0.1737,6,27,5,0.534,1.840,158,2.082e-17,ok,15684,35.0,696,45.0
random_n20_p01_s3,random-n20,20,38,58,0.2000,7,28,6,0.630,1.901,107,5.551e-17,ok,59551,40.0,396,44.0
random_n20_p01_s4,random-n20,20,31,51,0.1632,8,27,8,0.643,4.354,373,2.776e-17,ok,23707,36.0,788,49.0
random_n20_p01_s5,random-n20,20,32,52,0.1684,7,27,6,3.857,1.410,114,2.776e-17,ok,49539,42.0,319,48.0
random_n20_p01_s6,random-n20,20,31,51,0.1632,6,22,5,0.391,1.076,68,5.551e-17,ok,8667,39.0,504,48.0
random_n20_p01_s7,random-n20,20,36,56,0.1895,7,26,7,0.484,2.308,143,5.551e-17,ok,56757,44.0,994,56.0
random_n20_p01_s8,random-n20,20,38,58,0.2000,8,33,7,0.620,3.086,164,5.551e-17,ok,80365,49.0,1377,69.0
random_n20_p02_s1,random-n20,20,49,69,0.2579,10,63,12,1.593,27.847,1906,5.551e-17,ok,455465,141.0,1978,87.0
random_n20_p02_s2,random-n20,20,47,67,0.2474,12,62,11,1.367,12.388,554,5.551e-17,ok,158794,57.0,2019,66.0
random_n20_p02_s3,random-n20,20,50,70,0.2632,11,43,10,1.129,9.184,616,5.551e-17,ok,387114,115.0,1540,68.0
random_n20_p02_s4,random-n20,20,48,68,0.2526,12,97,10,6.255,67.538,4010,8.327e-17,ok,388128,115.0,1315,70.0
random_n20_p02_s5,random-n20,20,40,60,0.2105,11,41,6,0.804,2.533,246,2.776e-17,ok,85724,48.0,1231,57.0
random_n20_p02_s6,random-n20,20,44,64,0.2316,12,44,9,0.946,4.700,425,8.327e-17,ok,131423,55.0,1431,61.0
random_n20_p02_s7,random-n20,20,44,64,0.2316,12,76,9,1.802,20.634,1042,1.110e-16,ok,112980,48.0,2849,82.0
random_n20_p02_s8,random-n20,20,49,69,0.2579,11,68,11,1.769,30.389,1376,5.551e-17,ok,169531,58.0,2326,75.0
random_n25_p015_s1,random-n25,25,58,83,0.1933,15,85,14,2.318,55.294,3112,5.551e-17,blowup,2818118,1302.0,3255,121.0
random_n25_p015_s2,random-n25,25,56,81,0.1867,12,102,10,2.826,31.252,1564,2.776e-17,ok,555728,178.0,1807,78.0
random_n25_p015_s3,random-n25,25,58,83,0.1933,15,95,12,3.197,102.731,4307,5.551e-17,ok,2083162,928.0,2429,123.0
random_n25_p015_s4,random-n25,25,53,78,0.1767,10,57,12,1.446,36.840,1045,5.551e-17,ok,350770,117.0,4327,166.0
random_n25_p015_s5,random-n25,25,46,71,0.1533,8,47,9,1.233,10.562,687,2.776e-17,ok,271194,99.0,1234,67.0
random_n25_p015_s6,random-n25,25,52,77,0.1733,12,57,11,1.657,25.236,1242,5.551e-17,ok,682948,269.0,1955,80.0
random_n25_p015_s7,random-n25,25,51,76,0.1700,14,108,11,5.935,288.613,3782,2.776e-17,ok,486433,163.0,2983,100.0
random_n25_p015_s8,random-n25,25,61,86,0.2033,13,92,13,2.410,73.989,3128,5.551e-17,blowup,3267894,1428.0,3487,120.0
random_n25_p01_s1,random-n25,25,47,72,0.1567,13,81,10,2.701,28.032,1830,4.163e-17,ok,421985,120.0,4594,117.0
random_n25_p01_s2,random-n25,25,44,69,0.1467,10,53,9,2.798,17.939,605,5.551e-17,ok,187046,59.0,1228,60.0
random_n25_p01_s3,random-n25,25,51,76,0.1700,13,61,11,2.567,28.630,968,5.551e-17,ok,672278,218.0,1685,82.0
random_n25_p01_s4,random-n25,25,43,68,0.1433,9,37,7,1.035,8.704,381,4.163e-17,ok,240224,82.0,1116,63.0
random_n25_p01_s5,random-n25,25,44,69,0.1467,9,67,8,1.973,27.221,1377,5.551e-17,ok,303827,103.0,1233,64.0
random_n25_p01_s6,random-n25,25,42,67,0.1400,8,35,8,0.811,3.490,180,5.551e-17,ok,67613,41.0,630,52.0
random_n25_p01_s7,random-n25,25,44,69,0.1467,13,57,8,1.658,11.479,588,5.551e-17,ok,198420,63.0,1476,72.0
random_n25_p01_s8,random-n25,25,48,73,0.1600,10,68,10,1.477,19.037,757,5.551e-17,ok,529787,169.0,1584,74.0
random_n25_p02_s1,random-n25,25,72,97,0.2400,17,139,17,8.650,395.299,13358,5.551e-17,blowup,16471649,8865.0,10002,249.0
random_n25_p02_s2,random-n25,25,69,94,0.2300,18,137,14,26.087,438.034,10063,5.551e-17,blowup,8847999,4713.0,5239,264.0
random_n25_p02_s3,random-n25,25,73,98,0.2433,20,117,15,3.880,623.782,22173,1.110e-16,blowup,14515984,7790.0,10956,337.0
random_n25_p02_s4,random-n25,25,62,87,0.2067,12,65,13,3.555,93.262,1975,5.551e-17,blowup,2744252,1241.0,6859,151.0
random_n25_p02_s5,random-n25,25,59,84,0.1967,14,147,11,4.738,371.285,5769,5.551e-17,blowup,2896082,1219.0,3663,127.0
random_n25_p02_s6,random-n25,25,67,92,0.2233,16,98,13,3.052,333.693,10610,5.551e-17,blowup,13169583,7755.0,3494,166.0
random_n25_p02_s7,random-n25,25,58,83,0.1933,15,121,12,4.541,203.749,9375,5.551e-17,ok,2024783,762.0,6462,177.0
random_n25_p02_s8,random-n25,25,72,97,0.2400,15,154,15,4.626,575.278,12346,5.551e-17,blowup,19944408,10523.0,20323,555.0
